{
"Амстердам":{"point":[52.368892,4.888916],"zoom":11},
"Афины":{"point":[37.983175,23.730469],"zoom":11},
"Барселона":{"point":[41.38093,2.1698],"zoom":11},
"Берлин":{"point":[52.523115,13.413277],"zoom":11},
"Болонья":{"point":[44.488668,11.337891],"zoom":11},
"Буэнос-Айрес":{"point":[-34.610606,-58.386841],"zoom":11},
"Виктория, БК":{"point":[48.425555,-123.37097199999998],"zoom":11},
"Гамбург":{"point":[53.546836,9.986572000000002],"zoom":11},
"Гент":{"point":[51.048301,3.7133790000000007],"zoom":11},
"Гонконг":{"point":[22.278931,114.158936],"zoom":11},
"Екатеринбург":{"point":[56.837893,60.599384],"zoom":11},
"Ибица":{"point":[38.903858,1.417236],"zoom":11},
"Казань":{"point":[55.794912,49.107342],"zoom":11},
"Копенгаген":{"point":[55.674487,12.562866],"zoom":11},
"Лондон":{"point":[51.500194,-0.126171],"zoom":11},
"Мельбурн":{"point":[-37.814124,144.959106],"zoom":11},
"Мехико":{"point":[19.425154,-99.135132],"zoom":11},
"Милан":{"point":[45.460131,9.18457],"zoom":11},
"Монпелье":{"point":[43.608239,3.878174],"zoom":11},
"Москва":{"point":[55.752043,37.617445],"zoom":11},
"Мюнхен":{"point":[48.129434,11.585083],"zoom":11},
"Нижний Новгород":{"point":[56.328721,44.033203],"zoom":11},
"Новосибирск":{"point":[55.030187,82.920685],"zoom":11},
"Нью-Йорк":{"point":[40.70979200000001,-74.009399],"zoom":11},
"Остин, Техас":{"point":[30.259067,-97.750854],"zoom":11},
"Париж":{"point":[48.853873,2.345581],"zoom":11},
"Пекин":{"point":[39.905523,116.400146],"zoom":11},
"Портленд":{"point":[45.517895,-122.678833],"zoom":11},
"Прага":{"point":[50.07124400000001,14.430542000000003],"zoom":11},
"Рим":{"point":[41.869561,12.474976],"zoom":11},
"Россия":{"point":[62.103883,93.867188],"zoom":3},
"Ростов-на-Дону":{"point":[47.232625,39.710083],"zoom":11},
"Роттердам":{"point":[51.923943,4.476929],"zoom":11},
"Салоники":{"point":[40.639358,22.94456],"zoom":11},
"Сан-Франциско":{"point":[37.770715,-122.42065400000001],"zoom":11},
"Санкт-Петербург":{"point":[59.939039,30.315785],"zoom":11},
"Сидней":{"point":[-33.870416000000006,151.204834],"zoom":11},
"Сингапур":{"point":[1.285164,103.839855],"zoom":11},
"Сиэтл":{"point":[47.598755,-122.33276400000001],"zoom":11},
"Стокгольм":{"point":[59.324783,18.061523],"zoom":11},
"Тайбей":{"point":[25.018418,121.536255],"zoom":11},
"Тель-Авив":{"point":[32.082575,34.777222],"zoom":11},
"Токио":{"point":[35.689126,139.69172],"zoom":11},
"Торонто":{"point":[43.648001,-79.387207],"zoom":11},
"Уфа":{"point":[54.730964,55.991821],"zoom":11},
"Франкфурт":{"point":[50.106488,8.679199000000002],"zoom":11},
"Хошимин":{"point":[10.817120000000001,106.622314],"zoom":11},
"Челябинск":{"point":[55.200818,61.430054000000005],"zoom":11},
"Чикаго":{"point":[41.873651,-87.626953],"zoom":11},
"Эдинбург":{"point":[55.95020900000001,-3.187451],"zoom":11}
}