{
"Берлин":{"point":[52.523113,13.413277],"zoom":11},
"Екатеринбург":{"point":[56.837894,60.599384],"zoom":11},
"Казань":{"point":[55.79491,49.107342],"zoom":11},
"Лондон":{"point":[51.500195,-0.126171],"zoom":11},
"Москва":{"point":[55.752045,37.617447],"zoom":11},
"Нижний Новгород":{"point":[56.32872,44.033203],"zoom":11},
"Новосибирск":{"point":[55.030186,82.920685],"zoom":11},
"Россия":{"point":[62.103882,93.867188],"zoom":3},
"Ростов-на-Дону":{"point":[47.232624,39.710083],"zoom":11},
"Салоники":{"point":[40.639359,22.944559],"zoom":11},
"Санкт-Петербург":{"point":[59.939037,30.315784],"zoom":11},
"Токио":{"point":[35.689125,139.691727],"zoom":11},
"Уфа":{"point":[54.730965,55.991821],"zoom":11},
"Челябинск":{"point":[55.200817,61.430054],"zoom":11},
"Эдинбург":{"point":[55.950211,-3.187451],"zoom":11}
}